candidate,experiment,area,n_cells,cell_share_pct,n_days,diag_sse,diag_sse_share_pct,diag_zero_sse,diag_sse_vs_zero,diag_rmse_daily_mean,diag_nrmse,off_origin_sse,off_origin_sse_share_pct,off_origin_zero_sse,off_origin_sse_vs_zero,off_origin_rmse_daily_mean,off_origin_nrmse,off_destination_sse,off_destination_sse_share_pct,off_destination_zero_sse,off_destination_sse_vs_zero,off_destination_rmse_daily_mean,off_destination_nrmse
N-F,EXP04,七尾市,123,8.333,14,44503.631853,41.277,8105906.874912,0.00549,4.976468,0.187297,473.28297,49.722,6529.127785,0.072488,0.013586,0.771958,465.528839,48.907,6484.453594,0.071792,0.01348,0.765932
N-F,EXP04,珠洲市,107,7.249,14,7638.334358,7.085,294990.484967,0.025893,2.226123,0.083783,93.930184,9.868,467.442356,0.200945,0.006382,0.362638,93.929693,9.868,467.442356,0.200944,0.006382,0.362637
N-F,EXP04,穴水町,63,4.268,14,4993.95248,4.632,278526.047175,0.01793,2.299676,0.086552,26.793967,2.815,95.471278,0.28065,0.004295,0.244046,27.62802,2.903,96.336992,0.286785,0.00439,0.249432
N-F,EXP04,能登町,89,6.03,14,7475.195586,6.933,467258.975961,0.015998,2.4323,0.091543,11.267065,1.184,11.504891,0.979328,0.002331,0.132442,11.267919,1.184,11.504891,0.979403,0.002331,0.13245
N-F,EXP04,輪島市,154,10.434,14,11866.079,11.006,1613918.879626,0.007352,2.28617,0.086043,78.606605,8.258,869.438587,0.090411,0.004901,0.278472,77.626333,8.155,868.572873,0.089372,0.004873,0.276883
N-F,EXP04,志賀町,85,5.759,14,12431.89398,11.531,758694.561194,0.016386,3.193205,0.120181,78.125091,8.208,319.146985,0.244793,0.006543,0.371741,78.127212,8.208,319.146985,0.2448,0.006543,0.371747
N-F,EXP04,中能登町,20,1.355,14,10399.865104,9.646,1168697.458028,0.008899,5.977671,0.224978,167.444592,17.591,751.216246,0.222898,0.019916,1.131567,177.387174,18.636,797.797775,0.222346,0.02049,1.164183
N-F,EXP04,羽咋市,20,1.355,14,6346.908427,5.887,276722.382934,0.022936,4.654134,0.175165,22.399327,2.353,40.603124,0.551665,0.007165,0.40711,20.35461,2.138,38.695785,0.526016,0.006752,0.383656
N-F,EXP04,対象8市町外・富山県,815,55.217,14,2161.381871,2.005,85752.703066,0.025205,0.41291,0.01554,0.006144,0.001,0.0,,1.7e-05,0.00095,0.006144,0.001,0.0,,1.7e-05,0.00095
N-F,EXP04,全体,1476,100.0,14,107817.24266,100.0,13050468.367863,0.008262,2.270659,0.08546,951.855945,100.0,9083.951252,0.104784,0.005579,0.316977,951.855945,100.0,9083.951252,0.104784,0.005579,0.316977
N-R,EXP04,七尾市,123,8.333,14,44503.631853,41.277,8105906.874912,0.00549,4.976468,0.187297,471.450632,49.616,6529.127785,0.072207,0.013564,0.770682,461.995504,48.621,6484.453594,0.071247,0.013432,0.763179
N-R,EXP04,珠洲市,107,7.249,14,7638.334358,7.085,294990.484967,0.025893,2.226123,0.083783,96.762714,10.184,467.442356,0.207005,0.006479,0.368121,96.730942,10.18,467.442356,0.206937,0.006478,0.368061
N-R,EXP04,穴水町,63,4.268,14,4993.95248,4.632,278526.047175,0.01793,2.299676,0.086552,26.995271,2.841,95.471278,0.282758,0.004302,0.244441,27.389849,2.883,96.336992,0.284313,0.004357,0.247576
N-R,EXP04,能登町,89,6.03,14,7475.195586,6.933,467258.975961,0.015998,2.4323,0.091543,11.27637,1.187,11.504891,0.980137,0.002328,0.132256,11.312865,1.191,11.504891,0.983309,0.002332,0.132519
N-R,EXP04,輪島市,154,10.434,14,11866.079,11.006,1613918.879626,0.007352,2.28617,0.086043,79.74584,8.393,869.438587,0.091721,0.004935,0.280395,78.74933,8.288,868.572873,0.090665,0.004908,0.27885
N-R,EXP04,志賀町,85,5.759,14,12431.89398,11.531,758694.561194,0.016386,3.193205,0.120181,77.185379,8.123,319.146985,0.241849,0.006508,0.369771,77.185735,8.123,319.146985,0.24185,0.006508,0.369772
N-R,EXP04,中能登町,20,1.355,14,10399.865104,9.646,1168697.458028,0.008899,5.977671,0.224978,164.000167,17.26,751.216246,0.218313,0.019709,1.119849,176.403673,18.565,797.797775,0.221113,0.02044,1.161348
N-R,EXP04,羽咋市,20,1.355,14,6346.908427,5.887,276722.382934,0.022936,4.654134,0.175165,22.767924,2.396,40.603124,0.560743,0.007225,0.410506,20.4164,2.149,38.695785,0.527613,0.006752,0.383631
N-R,EXP04,対象8市町外・富山県,815,55.217,14,2161.381871,2.005,85752.703066,0.025205,0.41291,0.01554,0.00606,0.001,0.0,,1.7e-05,0.000945,0.00606,0.001,0.0,,1.7e-05,0.000945
N-R,EXP04,全体,1476,100.0,14,107817.24266,100.0,13050468.367863,0.008262,2.270659,0.08546,950.190356,100.0,9083.951252,0.104601,0.005572,0.316599,950.190356,100.0,9083.951252,0.104601,0.005572,0.316599
N-B,EXP04,七尾市,123,8.333,14,44503.631853,41.277,8105906.874912,0.00549,4.976468,0.187297,470.968297,49.717,6529.127785,0.072133,0.013555,0.77018,462.327171,48.804,6484.453594,0.071298,0.013436,0.763382
N-B,EXP04,珠洲市,107,7.249,14,7638.334358,7.085,294990.484967,0.025893,2.226123,0.083783,94.860567,10.014,467.442356,0.202935,0.006414,0.364426,94.851446,10.013,467.442356,0.202916,0.006414,0.364408
N-B,EXP04,穴水町,63,4.268,14,4993.95248,4.632,278526.047175,0.01793,2.299676,0.086552,26.598473,2.808,95.471278,0.278602,0.004271,0.242691,27.234632,2.875,96.336992,0.282702,0.004348,0.247037
N-B,EXP04,能登町,89,6.03,14,7475.195586,6.933,467258.975961,0.015998,2.4323,0.091543,11.226372,1.185,11.504891,0.975791,0.002324,0.132036,11.23761,1.186,11.504891,0.976768,0.002325,0.132121
N-B,EXP04,輪島市,154,10.434,14,11866.079,11.006,1613918.879626,0.007352,2.28617,0.086043,78.793281,8.318,869.438587,0.090625,0.004905,0.278721,77.822652,8.215,868.572873,0.089598,0.004878,0.277183
N-B,EXP04,志賀町,85,5.759,14,12431.89398,11.531,758694.561194,0.016386,3.193205,0.120181,77.456138,8.176,319.146985,0.242697,0.006517,0.370267,77.457187,8.177,319.146985,0.242701,0.006517,0.37027
N-B,EXP04,中能登町,20,1.355,14,10399.865104,9.646,1168697.458028,0.008899,5.977671,0.224978,164.867695,17.404,751.216246,0.219468,0.019761,1.122789,176.023675,18.582,797.797775,0.220637,0.020413,1.159823
N-B,EXP04,羽咋市,20,1.355,14,6346.908427,5.887,276722.382934,0.022936,4.654134,0.175165,22.527557,2.378,40.603124,0.554823,0.007185,0.408253,20.344007,2.148,38.695785,0.525742,0.006743,0.383142
N-B,EXP04,対象8市町外・富山県,815,55.217,14,2161.381871,2.005,85752.703066,0.025205,0.41291,0.01554,0.006099,0.001,0.0,,1.7e-05,0.000947,0.006099,0.001,0.0,,1.7e-05,0.000947
N-B,EXP04,全体,1476,100.0,14,107817.24266,100.0,13050468.367863,0.008262,2.270659,0.08546,947.304479,100.0,9083.951252,0.104283,0.005565,0.316168,947.304479,100.0,9083.951252,0.104283,0.005565,0.316168
